chi	chi.URLParam (context.go:10, 22 nodes)	chi.URLParamFromCtx (context.go:18, 19 nodes)
chi	middleware.*compressResponseWriter.Push (middleware/compress.go:372, 28 nodes)	middleware.*compressResponseWriter.Close (middleware/compress.go:379, 26 nodes)
chi	middleware.ClientIPFromHeader (middleware/client_ip.go:41, 97 nodes)	middleware.ClientIPFromXFFTrustedProxies (middleware/client_ip.go:149, 122 nodes)
chi	middleware.RedirectSlashes (middleware/strip.go:41, 138 nodes)	middleware.URLFormat (middleware/url_format.go:46, 143 nodes)
cobra	cobra.*Command.AddCommand (command.go:1342, 113 nodes)	cobra.*Command.RemoveCommand (command.go:1401, 125 nodes)
cobra	cobra.*Command.SetHelpTemplate (command.go:358, 19 nodes)	cobra.*Command.SetVersionTemplate (command.go:367, 19 nodes)
cobra	cobra.*Command.SetUsageTemplate (command.go:318, 19 nodes)	cobra.*Command.SetHelpTemplate (command.go:358, 19 nodes)
cobra	cobra.*Command.SetUsageTemplate (command.go:318, 19 nodes)	cobra.*Command.SetVersionTemplate (command.go:367, 19 nodes)
cobra	doc.genMan (doc/man_docs.go:202, 244 nodes)	doc.GenMarkdownCustom (doc/md_docs.go:57, 318 nodes)
cobra	doc.genMan (doc/man_docs.go:202, 244 nodes)	doc.GenReSTCustom (doc/rest_docs.go:62, 370 nodes)
gin	gin.*Context.Done (context.go:1449, 20 nodes)	gin.*Context.Err (context.go:1457, 20 nodes)
gin	gin.*Engine.LoadHTMLGlob (gin.go:272, 77 nodes)	gin.*Engine.LoadHTMLFS (gin.go:300, 77 nodes)
gin	gin.*RouterGroup.StaticFile (routergroup.go:166, 21 nodes)	gin.*RouterGroup.StaticFileFS (routergroup.go:175, 22 nodes)
gin	render.ProtoBuf.Render (render/protobuf.go:21, 38 nodes)	render.TOML.Render (render/toml.go:21, 34 nodes)
